dataset,model,method,scope,pretrain_steps,pretrain_fraction,learning_rate,steps,layers,hidden,step_unit,temperature,edge_direction,dropout,eval_every,seed,step,objective,train_accuracy,train_macro_f1,val_accuracy,val_macro_f1,test_accuracy,test_macro_f1
CiteSeer,gcn,bp,all,0,0.0,0.01,500,2,64,full_network_update,,,0.0,50,41,0,,0.1666666716337204,0.0476190485060215,0.23199999332427979,0.06277056038379669,0.1809999942779541,0.05108664929866791
CiteSeer,gcn,bp,all,0,0.0,0.01,500,2,64,full_network_update,,,0.0,50,41,50,0.5876467823982239,0.9750000238418579,0.9749529957771301,0.7120000123977661,0.6776455044746399,0.7080000042915344,0.6782805323600769
CiteSeer,gcn,bp,all,0,0.0,0.01,500,2,64,full_network_update,,,0.0,50,41,100,0.2908816933631897,0.9916666746139526,0.9916614890098572,0.7080000042915344,0.675175130367279,0.7139999866485596,0.6878957152366638
CiteSeer,gcn,bp,all,0,0.0,0.01,500,2,64,full_network_update,,,0.0,50,41,150,0.21132753789424896,0.9916666746139526,0.9916614890098572,0.7200000286102295,0.6856160163879395,0.7110000252723694,0.6856229901313782
CiteSeer,gcn,bp,all,0,0.0,0.01,500,2,64,full_network_update,,,0.0,50,41,200,0.171491801738739,1.0,1.0,0.7200000286102295,0.6856613159179688,0.7059999704360962,0.6804003119468689
CiteSeer,gcn,bp,all,0,0.0,0.01,500,2,64,full_network_update,,,0.0,50,41,250,0.15331561863422394,1.0,1.0,0.7160000205039978,0.6797804832458496,0.7110000252723694,0.6845224499702454
CiteSeer,gcn,bp,all,0,0.0,0.01,500,2,64,full_network_update,,,0.0,50,41,300,0.1456037163734436,1.0,1.0,0.7139999866485596,0.6788093447685242,0.7099999785423279,0.6837058067321777
CiteSeer,gcn,bp,all,0,0.0,0.01,500,2,64,full_network_update,,,0.0,50,41,350,0.1425333321094513,1.0,1.0,0.7160000205039978,0.6799648404121399,0.7120000123977661,0.6862248778343201
CiteSeer,gcn,bp,all,0,0.0,0.01,500,2,64,full_network_update,,,0.0,50,41,400,0.1412959098815918,1.0,1.0,0.7160000205039978,0.6799184679985046,0.7099999785423279,0.6842296123504639
CiteSeer,gcn,bp,all,0,0.0,0.01,500,2,64,full_network_update,,,0.0,50,41,450,0.14078952372074127,1.0,1.0,0.7139999866485596,0.6778318285942078,0.7099999785423279,0.6833782196044922
CiteSeer,gcn,bp,all,0,0.0,0.01,500,2,64,full_network_update,,,0.0,50,41,500,0.14066943526268005,1.0,1.0,0.7160000205039978,0.6779325604438782,0.7149999737739563,0.6874740123748779
CiteSeer,gcn,bp,all,0,0.0,0.01,500,2,64,full_network_update,,,0.0,50,42,0,,0.1666666716337204,0.04830918088555336,0.21199999749660492,0.05869324505329132,0.23100000619888306,0.06301146000623703
CiteSeer,gcn,bp,all,0,0.0,0.01,500,2,64,full_network_update,,,0.0,50,42,50,0.5665843486785889,0.9750000238418579,0.9749529957771301,0.7059999704360962,0.6642922759056091,0.7120000123977661,0.6817054748535156
CiteSeer,gcn,bp,all,0,0.0,0.01,500,2,64,full_network_update,,,0.0,50,42,100,0.2787155508995056,0.9916666746139526,0.9916614890098572,0.7120000123977661,0.6783123016357422,0.7070000171661377,0.6807028651237488
CiteSeer,gcn,bp,all,0,0.0,0.01,500,2,64,full_network_update,,,0.0,50,42,150,0.20491713285446167,1.0,1.0,0.7120000123977661,0.6785516738891602,0.7089999914169312,0.6830469965934753
CiteSeer,gcn,bp,all,0,0.0,0.01,500,2,64,full_network_update,,,0.0,50,42,200,0.1710638850927353,1.0,1.0,0.7139999866485596,0.6801866888999939,0.7099999785423279,0.6839810013771057
CiteSeer,gcn,bp,all,0,0.0,0.01,500,2,64,full_network_update,,,0.0,50,42,250,0.15505127608776093,1.0,1.0,0.7099999785423279,0.6740410923957825,0.7129999995231628,0.6870839595794678
CiteSeer,gcn,bp,all,0,0.0,0.01,500,2,64,full_network_update,,,0.0,50,42,300,0.14790725708007812,1.0,1.0,0.7120000123977661,0.6765422821044922,0.7129999995231628,0.6862825751304626
CiteSeer,gcn,bp,all,0,0.0,0.01,500,2,64,full_network_update,,,0.0,50,42,350,0.14450450241565704,1.0,1.0,0.7139999866485596,0.6780101656913757,0.7129999995231628,0.6870647072792053
CiteSeer,gcn,bp,all,0,0.0,0.01,500,2,64,full_network_update,,,0.0,50,42,400,0.14265470206737518,1.0,1.0,0.7120000123977661,0.6763136386871338,0.7110000252723694,0.6852633953094482
CiteSeer,gcn,bp,all,0,0.0,0.01,500,2,64,full_network_update,,,0.0,50,42,450,0.14171957969665527,1.0,1.0,0.7099999785423279,0.6746942400932312,0.7120000123977661,0.6861075758934021
CiteSeer,gcn,bp,all,0,0.0,0.01,500,2,64,full_network_update,,,0.0,50,42,500,0.14099067449569702,1.0,1.0,0.7120000123977661,0.675929069519043,0.7129999995231628,0.6869375705718994
CiteSeer,gcn,bp,all,0,0.0,0.01,500,2,64,full_network_update,,,0.0,50,43,0,,0.1666666716337204,0.0476190485060215,0.18799999356269836,0.052749719470739365,0.16899999976158142,0.04818933084607124
CiteSeer,gcn,bp,all,0,0.0,0.01,500,2,64,full_network_update,,,0.0,50,43,50,0.5941218733787537,0.9666666388511658,0.9666309356689453,0.7099999785423279,0.6816966533660889,0.7080000042915344,0.677956759929657
CiteSeer,gcn,bp,all,0,0.0,0.01,500,2,64,full_network_update,,,0.0,50,43,100,0.29471880197525024,0.9916666746139526,0.9916614890098572,0.7160000205039978,0.6848416924476624,0.7139999866485596,0.6881697177886963
CiteSeer,gcn,bp,all,0,0.0,0.01,500,2,64,full_network_update,,,0.0,50,43,150,0.21076470613479614,0.9916666746139526,0.9916614890098572,0.7139999866485596,0.6804962754249573,0.7129999995231628,0.6869037747383118
CiteSeer,gcn,bp,all,0,0.0,0.01,500,2,64,full_network_update,,,0.0,50,43,200,0.17570294439792633,1.0,1.0,0.7179999947547913,0.6837198138237,0.7070000171661377,0.6807000041007996
CiteSeer,gcn,bp,all,0,0.0,0.01,500,2,64,full_network_update,,,0.0,50,43,250,0.1591852456331253,1.0,1.0,0.7139999866485596,0.6781892776489258,0.7099999785423279,0.6833698153495789
CiteSeer,gcn,bp,all,0,0.0,0.01,500,2,64,full_network_update,,,0.0,50,43,300,0.15035030245780945,1.0,1.0,0.7099999785423279,0.6742374300956726,0.7099999785423279,0.6830540299415588
CiteSeer,gcn,bp,all,0,0.0,0.01,500,2,64,full_network_update,,,0.0,50,43,350,0.14361555874347687,1.0,1.0,0.7120000123977661,0.6762533187866211,0.7089999914169312,0.682433545589447
CiteSeer,gcn,bp,all,0,0.0,0.01,500,2,64,full_network_update,,,0.0,50,43,400,0.14168165624141693,1.0,1.0,0.7139999866485596,0.6780614852905273,0.7089999914169312,0.6825249791145325
CiteSeer,gcn,bp,all,0,0.0,0.01,500,2,64,full_network_update,,,0.0,50,43,450,0.14100854098796844,1.0,1.0,0.7139999866485596,0.6781697273254395,0.7080000042915344,0.6816355586051941
CiteSeer,gcn,bp,all,0,0.0,0.01,500,2,64,full_network_update,,,0.0,50,43,500,0.1405954360961914,1.0,1.0,0.7120000123977661,0.6759605407714844,0.7110000252723694,0.6852726936340332
CiteSeer,gcn,bp,all,0,0.0,0.01,500,2,64,full_network_update,,,0.0,50,44,0,,0.1666666716337204,0.0476190485060215,0.21199999749660492,0.058305829763412476,0.23100000619888306,0.06255077570676804
CiteSeer,gcn,bp,all,0,0.0,0.01,500,2,64,full_network_update,,,0.0,50,44,50,0.5855900645256042,0.9666666388511658,0.9664060473442078,0.7120000123977661,0.6770899891853333,0.7020000219345093,0.6730077266693115
CiteSeer,gcn,bp,all,0,0.0,0.01,500,2,64,full_network_update,,,0.0,50,44,100,0.29004552960395813,0.9916666746139526,0.9916614890098572,0.7020000219345093,0.6677952408790588,0.718999981880188,0.6924335360527039
CiteSeer,gcn,bp,all,0,0.0,0.01,500,2,64,full_network_update,,,0.0,50,44,150,0.2127636820077896,0.9916666746139526,0.9916614890098572,0.7120000123977661,0.6779887080192566,0.7099999785423279,0.6829841732978821
CiteSeer,gcn,bp,all,0,0.0,0.01,500,2,64,full_network_update,,,0.0,50,44,200,0.17678134143352509,1.0,1.0,0.7139999866485596,0.6795079708099365,0.7080000042915344,0.6809346675872803
CiteSeer,gcn,bp,all,0,0.0,0.01,500,2,64,full_network_update,,,0.0,50,44,250,0.15910033881664276,1.0,1.0,0.7120000123977661,0.676009476184845,0.7080000042915344,0.6808712482452393
CiteSeer,gcn,bp,all,0,0.0,0.01,500,2,64,full_network_update,,,0.0,50,44,300,0.14986522495746613,1.0,1.0,0.7099999785423279,0.6738545298576355,0.7070000171661377,0.6801618933677673
CiteSeer,gcn,bp,all,0,0.0,0.01,500,2,64,full_network_update,,,0.0,50,44,350,0.14424951374530792,1.0,1.0,0.7099999785423279,0.6742925047874451,0.7070000171661377,0.6804253458976746
CiteSeer,gcn,bp,all,0,0.0,0.01,500,2,64,full_network_update,,,0.0,50,44,400,0.1417132019996643,1.0,1.0,0.7080000042915344,0.6723821759223938,0.7110000252723694,0.6849504113197327
CiteSeer,gcn,bp,all,0,0.0,0.01,500,2,64,full_network_update,,,0.0,50,44,450,0.14079050719738007,1.0,1.0,0.7099999785423279,0.6741068363189697,0.7089999914169312,0.6830732226371765
CiteSeer,gcn,bp,all,0,0.0,0.01,500,2,64,full_network_update,,,0.0,50,44,500,0.14041820168495178,1.0,1.0,0.7120000123977661,0.6765860915184021,0.7120000123977661,0.6845555901527405
CiteSeer,gcn,bp,all,0,0.0,0.01,500,2,64,full_network_update,,,0.0,50,45,0,,0.1666666716337204,0.0476190485060215,0.057999998331069946,0.018273470923304558,0.07699999958276749,0.023831630125641823
CiteSeer,gcn,bp,all,0,0.0,0.01,500,2,64,full_network_update,,,0.0,50,45,50,0.5710475444793701,0.9750000238418579,0.9749529957771301,0.7139999866485596,0.6748988032341003,0.7179999947547913,0.6858660578727722
CiteSeer,gcn,bp,all,0,0.0,0.01,500,2,64,full_network_update,,,0.0,50,45,100,0.2773014008998871,0.9916666746139526,0.9916614890098572,0.7139999866485596,0.6804055571556091,0.7089999914169312,0.6809279918670654
CiteSeer,gcn,bp,all,0,0.0,0.01,500,2,64,full_network_update,,,0.0,50,45,150,0.19816012680530548,1.0,1.0,0.7080000042915344,0.6743656992912292,0.7099999785423279,0.6839547157287598
CiteSeer,gcn,bp,all,0,0.0,0.01,500,2,64,full_network_update,,,0.0,50,45,200,0.1664249300956726,1.0,1.0,0.7120000123977661,0.6783520579338074,0.7099999785423279,0.6842953562736511
CiteSeer,gcn,bp,all,0,0.0,0.01,500,2,64,full_network_update,,,0.0,50,45,250,0.15305738151073456,1.0,1.0,0.7099999785423279,0.6748362183570862,0.7089999914169312,0.6827220320701599
CiteSeer,gcn,bp,all,0,0.0,0.01,500,2,64,full_network_update,,,0.0,50,45,300,0.14653067290782928,1.0,1.0,0.7099999785423279,0.6747509837150574,0.7110000252723694,0.6852307319641113
CiteSeer,gcn,bp,all,0,0.0,0.01,500,2,64,full_network_update,,,0.0,50,45,350,0.14361505210399628,1.0,1.0,0.7120000123977661,0.6765021681785583,0.7080000042915344,0.6825835108757019
CiteSeer,gcn,bp,all,0,0.0,0.01,500,2,64,full_network_update,,,0.0,50,45,400,0.14210326969623566,1.0,1.0,0.7059999704360962,0.6707637906074524,0.7110000252723694,0.6850536465644836
CiteSeer,gcn,bp,all,0,0.0,0.01,500,2,64,full_network_update,,,0.0,50,45,450,0.14130207896232605,1.0,1.0,0.7080000042915344,0.6728742718696594,0.7120000123977661,0.6860311031341553
CiteSeer,gcn,bp,all,0,0.0,0.01,500,2,64,full_network_update,,,0.0,50,45,500,0.14081226289272308,1.0,1.0,0.7080000042915344,0.6720159649848938,0.7110000252723694,0.6850822567939758
Cora,gcn,bp,all,0,0.0,0.01,500,2,64,full_network_update,,,0.0,50,41,0,,0.1428571492433548,0.0357142873108387,0.15600000321865082,0.038556601852178574,0.14399999380111694,0.035964034497737885
Cora,gcn,bp,all,0,0.0,0.01,500,2,64,full_network_update,,,0.0,50,41,50,0.44883257150650024,0.9857142567634583,0.9858712553977966,0.7820000052452087,0.7732699513435364,0.8069999814033508,0.7951985597610474
Cora,gcn,bp,all,0,0.0,0.01,500,2,64,full_network_update,,,0.0,50,41,100,0.21912649273872375,1.0,1.0,0.7919999957084656,0.7793055176734924,0.8059999942779541,0.7937337160110474
Cora,gcn,bp,all,0,0.0,0.01,500,2,64,full_network_update,,,0.0,50,41,150,0.16462472081184387,1.0,1.0,0.7919999957084656,0.7783605456352234,0.8050000071525574,0.7926574349403381
Cora,gcn,bp,all,0,0.0,0.01,500,2,64,full_network_update,,,0.0,50,41,200,0.14142616093158722,1.0,1.0,0.7860000133514404,0.7716306447982788,0.800000011920929,0.7899258732795715
Cora,gcn,bp,all,0,0.0,0.01,500,2,64,full_network_update,,,0.0,50,41,250,0.1299828737974167,1.0,1.0,0.7900000214576721,0.7735087275505066,0.8029999732971191,0.7931569814682007
Cora,gcn,bp,all,0,0.0,0.01,500,2,64,full_network_update,,,0.0,50,41,300,0.12385199218988419,1.0,1.0,0.7900000214576721,0.7735087275505066,0.8040000200271606,0.7923664450645447
Cora,gcn,bp,all,0,0.0,0.01,500,2,64,full_network_update,,,0.0,50,41,350,0.12043563276529312,1.0,1.0,0.7879999876022339,0.7699375748634338,0.8019999861717224,0.7909947633743286
Cora,gcn,bp,all,0,0.0,0.01,500,2,64,full_network_update,,,0.0,50,41,400,0.11848701536655426,1.0,1.0,0.7860000133514404,0.7686156034469604,0.8019999861717224,0.7909947633743286
Cora,gcn,bp,all,0,0.0,0.01,500,2,64,full_network_update,,,0.0,50,41,450,0.11728687584400177,1.0,1.0,0.7839999794960022,0.7673217058181763,0.8029999732971191,0.7923912405967712
Cora,gcn,bp,all,0,0.0,0.01,500,2,64,full_network_update,,,0.0,50,41,500,0.11660514771938324,1.0,1.0,0.7820000052452087,0.7660789489746094,0.8040000200271606,0.7928496599197388
Cora,gcn,bp,all,0,0.0,0.01,500,2,64,full_network_update,,,0.0,50,42,0,,0.1428571492433548,0.0357142873108387,0.3160000145435333,0.0686061680316925,0.3190000057220459,0.06909997016191483
Cora,gcn,bp,all,0,0.0,0.01,500,2,64,full_network_update,,,0.0,50,42,50,0.46776536107063293,0.9857142567634583,0.9858712553977966,0.7820000052452087,0.7731953859329224,0.8130000233650208,0.8008246421813965
Cora,gcn,bp,all,0,0.0,0.01,500,2,64,full_network_update,,,0.0,50,42,100,0.2133713662624359,1.0,1.0,0.7860000133514404,0.7753971815109253,0.8050000071525574,0.7932019829750061
Cora,gcn,bp,all,0,0.0,0.01,500,2,64,full_network_update,,,0.0,50,42,150,0.15659528970718384,1.0,1.0,0.7879999876022339,0.7733389139175415,0.8040000200271606,0.7919517755508423
Cora,gcn,bp,all,0,0.0,0.01,500,2,64,full_network_update,,,0.0,50,42,200,0.13365527987480164,1.0,1.0,0.7860000133514404,0.7704493403434753,0.800000011920929,0.7888111472129822
Cora,gcn,bp,all,0,0.0,0.01,500,2,64,full_network_update,,,0.0,50,42,250,0.12372653186321259,1.0,1.0,0.7839999794960022,0.7666154503822327,0.8029999732971191,0.7929958701133728
Cora,gcn,bp,all,0,0.0,0.01,500,2,64,full_network_update,,,0.0,50,42,300,0.11951106041669846,1.0,1.0,0.7860000133514404,0.7679093480110168,0.8050000071525574,0.7952730059623718
Cora,gcn,bp,all,0,0.0,0.01,500,2,64,full_network_update,,,0.0,50,42,350,0.1177380308508873,1.0,1.0,0.7839999794960022,0.7666154503822327,0.8040000200271606,0.7938669323921204
Cora,gcn,bp,all,0,0.0,0.01,500,2,64,full_network_update,,,0.0,50,42,400,0.11680864542722702,1.0,1.0,0.7820000052452087,0.765284538269043,0.8040000200271606,0.7936901450157166
Cora,gcn,bp,all,0,0.0,0.01,500,2,64,full_network_update,,,0.0,50,42,450,0.11629969626665115,1.0,1.0,0.7839999794960022,0.7673619985580444,0.8040000200271606,0.7932334542274475
Cora,gcn,bp,all,0,0.0,0.01,500,2,64,full_network_update,,,0.0,50,42,500,0.11594265699386597,1.0,1.0,0.7839999794960022,0.7673619985580444,0.8050000071525574,0.7939305901527405
Cora,gcn,bp,all,0,0.0,0.01,500,2,64,full_network_update,,,0.0,50,43,0,,0.1428571492433548,0.036166366189718246,0.07199999690055847,0.019261637702584267,0.09200000017881393,0.0279128085821867
Cora,gcn,bp,all,0,0.0,0.01,500,2,64,full_network_update,,,0.0,50,43,50,0.4603072702884674,0.9857142567634583,0.9858712553977966,0.7940000295639038,0.7852293848991394,0.8059999942779541,0.7943627238273621
Cora,gcn,bp,all,0,0.0,0.01,500,2,64,full_network_update,,,0.0,50,43,100,0.2169368863105774,1.0,1.0,0.7879999876022339,0.7778337597846985,0.8080000281333923,0.7957392930984497
Cora,gcn,bp,all,0,0.0,0.01,500,2,64,full_network_update,,,0.0,50,43,150,0.15946270525455475,1.0,1.0,0.7900000214576721,0.7739354372024536,0.8109999895095825,0.7987653613090515
Cora,gcn,bp,all,0,0.0,0.01,500,2,64,full_network_update,,,0.0,50,43,200,0.13557380437850952,1.0,1.0,0.7860000133514404,0.7686992287635803,0.8040000200271606,0.7936630845069885
Cora,gcn,bp,all,0,0.0,0.01,500,2,64,full_network_update,,,0.0,50,43,250,0.12363654375076294,1.0,1.0,0.7860000133514404,0.7692222595214844,0.8050000071525574,0.7944615483283997
Cora,gcn,bp,all,0,0.0,0.01,500,2,64,full_network_update,,,0.0,50,43,300,0.1191844791173935,1.0,1.0,0.7839999794960022,0.7673217058181763,0.8019999861717224,0.7917814254760742
Cora,gcn,bp,all,0,0.0,0.01,500,2,64,full_network_update,,,0.0,50,43,350,0.11735399812459946,1.0,1.0,0.7839999794960022,0.7673217058181763,0.8040000200271606,0.7932575345039368
Cora,gcn,bp,all,0,0.0,0.01,500,2,64,full_network_update,,,0.0,50,43,400,0.11646372824907303,1.0,1.0,0.7839999794960022,0.7673217058181763,0.8069999814033508,0.7963104844093323
Cora,gcn,bp,all,0,0.0,0.01,500,2,64,full_network_update,,,0.0,50,43,450,0.11584242433309555,1.0,1.0,0.7839999794960022,0.7673619985580444,0.8069999814033508,0.7955514192581177
Cora,gcn,bp,all,0,0.0,0.01,500,2,64,full_network_update,,,0.0,50,43,500,0.11550603806972504,1.0,1.0,0.7820000052452087,0.7660789489746094,0.8059999942779541,0.7943930625915527
Cora,gcn,bp,all,0,0.0,0.01,500,2,64,full_network_update,,,0.0,50,44,0,,0.1428571492433548,0.0357142873108387,0.07199999690055847,0.01918976381421089,0.09099999815225601,0.02383134886622429
Cora,gcn,bp,all,0,0.0,0.01,500,2,64,full_network_update,,,0.0,50,44,50,0.4474111497402191,0.9857142567634583,0.9858712553977966,0.7919999957084656,0.7847422361373901,0.8100000023841858,0.7973113059997559
Cora,gcn,bp,all,0,0.0,0.01,500,2,64,full_network_update,,,0.0,50,44,100,0.21218086779117584,1.0,1.0,0.7919999957084656,0.7796762585639954,0.8119999766349792,0.8000497817993164
Cora,gcn,bp,all,0,0.0,0.01,500,2,64,full_network_update,,,0.0,50,44,150,0.1575034111738205,1.0,1.0,0.7860000133514404,0.771003246307373,0.8100000023841858,0.798441469669342
Cora,gcn,bp,all,0,0.0,0.01,500,2,64,full_network_update,,,0.0,50,44,200,0.13565966486930847,1.0,1.0,0.7820000052452087,0.7652188539505005,0.8080000281333923,0.7960149645805359
Cora,gcn,bp,all,0,0.0,0.01,500,2,64,full_network_update,,,0.0,50,44,250,0.12410847842693329,1.0,1.0,0.7799999713897705,0.7631459832191467,0.8100000023841858,0.7978152632713318
Cora,gcn,bp,all,0,0.0,0.01,500,2,64,full_network_update,,,0.0,50,44,300,0.11927314847707748,1.0,1.0,0.7820000052452087,0.7660789489746094,0.8119999766349792,0.8004487156867981
Cora,gcn,bp,all,0,0.0,0.01,500,2,64,full_network_update,,,0.0,50,44,350,0.1174858883023262,1.0,1.0,0.7799999713897705,0.7647435069084167,0.8109999895095825,0.8012492060661316
Cora,gcn,bp,all,0,0.0,0.01,500,2,64,full_network_update,,,0.0,50,44,400,0.11656565219163895,1.0,1.0,0.7799999713897705,0.7647435069084167,0.8080000281333923,0.7968001365661621
Cora,gcn,bp,all,0,0.0,0.01,500,2,64,full_network_update,,,0.0,50,44,450,0.11608784645795822,1.0,1.0,0.7820000052452087,0.7660789489746094,0.8080000281333923,0.7961129546165466
Cora,gcn,bp,all,0,0.0,0.01,500,2,64,full_network_update,,,0.0,50,44,500,0.115825355052948,1.0,1.0,0.7839999794960022,0.7673619985580444,0.8090000152587891,0.7977710366249084
Cora,gcn,bp,all,0,0.0,0.01,500,2,64,full_network_update,,,0.0,50,45,0,,0.1428571492433548,0.0357142873108387,0.15600000321865082,0.038556601852178574,0.14399999380111694,0.035964034497737885
Cora,gcn,bp,all,0,0.0,0.01,500,2,64,full_network_update,,,0.0,50,45,50,0.46801164746284485,0.9857142567634583,0.9858712553977966,0.7860000133514404,0.7770742774009705,0.8100000023841858,0.7991736531257629
Cora,gcn,bp,all,0,0.0,0.01,500,2,64,full_network_update,,,0.0,50,45,100,0.21028026938438416,1.0,1.0,0.7879999876022339,0.7783976793289185,0.8059999942779541,0.7947487831115723
Cora,gcn,bp,all,0,0.0,0.01,500,2,64,full_network_update,,,0.0,50,45,150,0.15368019044399261,1.0,1.0,0.7820000052452087,0.7680553793907166,0.8069999814033508,0.796179473400116
Cora,gcn,bp,all,0,0.0,0.01,500,2,64,full_network_update,,,0.0,50,45,200,0.13269543647766113,1.0,1.0,0.7839999794960022,0.7683388590812683,0.8009999990463257,0.7902435064315796
Cora,gcn,bp,all,0,0.0,0.01,500,2,64,full_network_update,,,0.0,50,45,250,0.12373381853103638,1.0,1.0,0.7820000052452087,0.765284538269043,0.8050000071525574,0.7950237393379211
Cora,gcn,bp,all,0,0.0,0.01,500,2,64,full_network_update,,,0.0,50,45,300,0.11973407119512558,1.0,1.0,0.7820000052452087,0.7658693194389343,0.8019999861717224,0.7918639183044434
Cora,gcn,bp,all,0,0.0,0.01,500,2,64,full_network_update,,,0.0,50,45,350,0.11776330322027206,1.0,1.0,0.7820000052452087,0.765284538269043,0.8029999732971191,0.7920152544975281
Cora,gcn,bp,all,0,0.0,0.01,500,2,64,full_network_update,,,0.0,50,45,400,0.11677490174770355,1.0,1.0,0.7839999794960022,0.7666154503822327,0.8040000200271606,0.7931004762649536
Cora,gcn,bp,all,0,0.0,0.01,500,2,64,full_network_update,,,0.0,50,45,450,0.11621464043855667,1.0,1.0,0.7820000052452087,0.765284538269043,0.8029999732971191,0.7922877669334412
Cora,gcn,bp,all,0,0.0,0.01,500,2,64,full_network_update,,,0.0,50,45,500,0.11586134880781174,1.0,1.0,0.7839999794960022,0.7673619985580444,0.8029999732971191,0.7917762398719788
CiteSeer,gcn,bp,all,200,0.5,0.01,500,2,64,full_network_update,,,0.0,50,41,0,,0.6166666746139526,0.6107936501502991,0.6539999842643738,0.6262674331665039,0.671999990940094,0.6439908146858215
CiteSeer,gcn,bp,all,200,0.5,0.01,500,2,64,full_network_update,,,0.0,50,41,50,0.11982991546392441,1.0,1.0,0.6919999718666077,0.6609576344490051,0.6899999976158142,0.6615310311317444
CiteSeer,gcn,bp,all,200,0.5,0.01,500,2,64,full_network_update,,,0.0,50,41,100,0.10249800235033035,1.0,1.0,0.6899999976158142,0.6571083664894104,0.6729999780654907,0.6424943208694458
CiteSeer,gcn,bp,all,200,0.5,0.01,500,2,64,full_network_update,,,0.0,50,41,150,0.10038792341947556,1.0,1.0,0.6859999895095825,0.6481824517250061,0.6740000247955322,0.6432014107704163
CiteSeer,gcn,bp,all,200,0.5,0.01,500,2,64,full_network_update,,,0.0,50,41,200,0.09975656867027283,1.0,1.0,0.6880000233650208,0.650070071220398,0.6729999780654907,0.6424818634986877
CiteSeer,gcn,bp,all,200,0.5,0.01,500,2,64,full_network_update,,,0.0,50,41,250,0.09951519221067429,1.0,1.0,0.6899999976158142,0.6523565053939819,0.6740000247955322,0.6432486176490784
CiteSeer,gcn,bp,all,200,0.5,0.01,500,2,64,full_network_update,,,0.0,50,41,300,0.09935831278562546,1.0,1.0,0.6880000233650208,0.650260329246521,0.671999990940094,0.6405358910560608
CiteSeer,gcn,bp,all,200,0.5,0.01,500,2,64,full_network_update,,,0.0,50,41,350,0.09924402832984924,1.0,1.0,0.6940000057220459,0.6547214388847351,0.6710000038146973,0.6395843029022217
CiteSeer,gcn,bp,all,200,0.5,0.01,500,2,64,full_network_update,,,0.0,50,41,400,0.0991489365696907,1.0,1.0,0.6919999718666077,0.6506399512290955,0.6710000038146973,0.6395843029022217
CiteSeer,gcn,bp,all,200,0.5,0.01,500,2,64,full_network_update,,,0.0,50,41,450,0.0990656390786171,1.0,1.0,0.6919999718666077,0.6506399512290955,0.6710000038146973,0.6398579478263855
CiteSeer,gcn,bp,all,200,0.5,0.01,500,2,64,full_network_update,,,0.0,50,41,500,0.09898445755243301,1.0,1.0,0.6899999976158142,0.6491336226463318,0.6729999780654907,0.6425416469573975
CiteSeer,gcn,bp,all,200,0.5,0.01,500,2,64,full_network_update,,,0.0,50,42,0,,0.5833333134651184,0.5763480067253113,0.6819999814033508,0.6453548073768616,0.6700000166893005,0.6403905749320984
CiteSeer,gcn,bp,all,200,0.5,0.01,500,2,64,full_network_update,,,0.0,50,42,50,0.11225438863039017,1.0,1.0,0.6639999747276306,0.6329578757286072,0.6859999895095825,0.6623660326004028
CiteSeer,gcn,bp,all,200,0.5,0.01,500,2,64,full_network_update,,,0.0,50,42,100,0.09503354132175446,1.0,1.0,0.6539999842643738,0.620101273059845,0.6800000071525574,0.655467689037323
CiteSeer,gcn,bp,all,200,0.5,0.01,500,2,64,full_network_update,,,0.0,50,42,150,0.09216038137674332,1.0,1.0,0.6480000019073486,0.613038957118988,0.6710000038146973,0.6459608674049377
CiteSeer,gcn,bp,all,200,0.5,0.01,500,2,64,full_network_update,,,0.0,50,42,200,0.09136111289262772,1.0,1.0,0.6420000195503235,0.6049334406852722,0.6700000166893005,0.6451676487922668
CiteSeer,gcn,bp,all,200,0.5,0.01,500,2,64,full_network_update,,,0.0,50,42,250,0.09109696000814438,1.0,1.0,0.6380000114440918,0.6012203693389893,0.6679999828338623,0.642514169216156
CiteSeer,gcn,bp,all,200,0.5,0.01,500,2,64,full_network_update,,,0.0,50,42,300,0.09101640433073044,1.0,1.0,0.6399999856948853,0.6033670902252197,0.6690000295639038,0.6435949206352234
CiteSeer,gcn,bp,all,200,0.5,0.01,500,2,64,full_network_update,,,0.0,50,42,350,0.09095563739538193,1.0,1.0,0.6399999856948853,0.6033670902252197,0.6690000295639038,0.6435949206352234
CiteSeer,gcn,bp,all,200,0.5,0.01,500,2,64,full_network_update,,,0.0,50,42,400,0.09094604849815369,1.0,1.0,0.6399999856948853,0.6033670902252197,0.6679999828338623,0.6426135301589966
CiteSeer,gcn,bp,all,200,0.5,0.01,500,2,64,full_network_update,,,0.0,50,42,450,0.09092666953802109,1.0,1.0,0.6399999856948853,0.6033670902252197,0.6690000295639038,0.6435496807098389
CiteSeer,gcn,bp,all,200,0.5,0.01,500,2,64,full_network_update,,,0.0,50,42,500,0.09092282503843307,1.0,1.0,0.6399999856948853,0.6033670902252197,0.6690000295639038,0.6435496807098389
CiteSeer,gcn,bp,all,200,0.5,0.01,500,2,64,full_network_update,,,0.0,50,43,0,,0.6333333253860474,0.6224082112312317,0.671999990940094,0.6318442225456238,0.6919999718666077,0.6552618741989136
CiteSeer,gcn,bp,all,200,0.5,0.01,500,2,64,full_network_update,,,0.0,50,43,50,0.11669076979160309,1.0,1.0,0.671999990940094,0.6378301382064819,0.6899999976158142,0.6660214066505432
CiteSeer,gcn,bp,all,200,0.5,0.01,500,2,64,full_network_update,,,0.0,50,43,100,0.09882262349128723,1.0,1.0,0.6660000085830688,0.6322982311248779,0.6769999861717224,0.6535178422927856
CiteSeer,gcn,bp,all,200,0.5,0.01,500,2,64,full_network_update,,,0.0,50,43,150,0.09609760344028473,1.0,1.0,0.6579999923706055,0.6246767640113831,0.6690000295639038,0.6463946104049683
CiteSeer,gcn,bp,all,200,0.5,0.01,500,2,64,full_network_update,,,0.0,50,43,200,0.09548166394233704,1.0,1.0,0.6579999923706055,0.6246767640113831,0.6639999747276306,0.6409792304039001
CiteSeer,gcn,bp,all,200,0.5,0.01,500,2,64,full_network_update,,,0.0,50,43,250,0.09532145410776138,1.0,1.0,0.656000018119812,0.6228744387626648,0.6620000004768372,0.6392225027084351
CiteSeer,gcn,bp,all,200,0.5,0.01,500,2,64,full_network_update,,,0.0,50,43,300,0.09527645260095596,1.0,1.0,0.6579999923706055,0.6246767640113831,0.6629999876022339,0.640119731426239
CiteSeer,gcn,bp,all,200,0.5,0.01,500,2,64,full_network_update,,,0.0,50,43,350,0.09523232281208038,1.0,1.0,0.6579999923706055,0.6251326203346252,0.6620000004768372,0.6390133500099182
CiteSeer,gcn,bp,all,200,0.5,0.01,500,2,64,full_network_update,,,0.0,50,43,400,0.09520085901021957,1.0,1.0,0.656000018119812,0.6227620244026184,0.6600000262260437,0.6372901797294617
CiteSeer,gcn,bp,all,200,0.5,0.01,500,2,64,full_network_update,,,0.0,50,43,450,0.09517732262611389,1.0,1.0,0.6579999923706055,0.6249228119850159,0.6600000262260437,0.6372869610786438
CiteSeer,gcn,bp,all,200,0.5,0.01,500,2,64,full_network_update,,,0.0,50,43,500,0.0951523631811142,1.0,1.0,0.6579999923706055,0.6249228119850159,0.6600000262260437,0.6372869610786438
CiteSeer,gcn,bp,all,200,0.5,0.01,500,2,64,full_network_update,,,0.0,50,44,0,,0.6333333253860474,0.6365089416503906,0.6859999895095825,0.6547212600708008,0.6549999713897705,0.6349942684173584
CiteSeer,gcn,bp,all,200,0.5,0.01,500,2,64,full_network_update,,,0.0,50,44,50,0.1272704303264618,1.0,1.0,0.6679999828338623,0.6212859749794006,0.6949999928474426,0.6527124047279358
CiteSeer,gcn,bp,all,200,0.5,0.01,500,2,64,full_network_update,,,0.0,50,44,100,0.10841580480337143,1.0,1.0,0.6579999923706055,0.6074526309967041,0.6899999976158142,0.6393526792526245
CiteSeer,gcn,bp,all,200,0.5,0.01,500,2,64,full_network_update,,,0.0,50,44,150,0.1055307388305664,1.0,1.0,0.6539999842643738,0.603613555431366,0.6779999732971191,0.6252509951591492
CiteSeer,gcn,bp,all,200,0.5,0.01,500,2,64,full_network_update,,,0.0,50,44,200,0.10480578243732452,1.0,1.0,0.6499999761581421,0.6000917553901672,0.6779999732971191,0.6232420802116394
CiteSeer,gcn,bp,all,200,0.5,0.01,500,2,64,full_network_update,,,0.0,50,44,250,0.10463301092386246,1.0,1.0,0.6499999761581421,0.6000917553901672,0.6769999861717224,0.6223636269569397
CiteSeer,gcn,bp,all,200,0.5,0.01,500,2,64,full_network_update,,,0.0,50,44,300,0.10458178073167801,1.0,1.0,0.6499999761581421,0.6000917553901672,0.6769999861717224,0.6223086714744568
CiteSeer,gcn,bp,all,200,0.5,0.01,500,2,64,full_network_update,,,0.0,50,44,350,0.10459044575691223,1.0,1.0,0.6499999761581421,0.6000917553901672,0.6779999732971191,0.6230621933937073
CiteSeer,gcn,bp,all,200,0.5,0.01,500,2,64,full_network_update,,,0.0,50,44,400,0.10456300526857376,1.0,1.0,0.6499999761581421,0.6000917553901672,0.6779999732971191,0.6230124235153198
CiteSeer,gcn,bp,all,200,0.5,0.01,500,2,64,full_network_update,,,0.0,50,44,450,0.10458245128393173,1.0,1.0,0.6499999761581421,0.6000917553901672,0.6769999861717224,0.6222569942474365
CiteSeer,gcn,bp,all,200,0.5,0.01,500,2,64,full_network_update,,,0.0,50,44,500,0.10454429686069489,1.0,1.0,0.6499999761581421,0.6000917553901672,0.6769999861717224,0.6221268773078918
CiteSeer,gcn,bp,all,200,0.5,0.01,500,2,64,full_network_update,,,0.0,50,45,0,,0.5833333134651184,0.5567765831947327,0.6819999814033508,0.645211398601532,0.6729999780654907,0.6458718180656433
CiteSeer,gcn,bp,all,200,0.5,0.01,500,2,64,full_network_update,,,0.0,50,45,50,0.11819326877593994,1.0,1.0,0.7039999961853027,0.672335684299469,0.6959999799728394,0.6644116044044495
CiteSeer,gcn,bp,all,200,0.5,0.01,500,2,64,full_network_update,,,0.0,50,45,100,0.10067468136548996,1.0,1.0,0.6880000233650208,0.6476214528083801,0.6759999990463257,0.639778196811676
CiteSeer,gcn,bp,all,200,0.5,0.01,500,2,64,full_network_update,,,0.0,50,45,150,0.09804800152778625,1.0,1.0,0.6819999814033508,0.6421988010406494,0.6779999732971191,0.6416217684745789
CiteSeer,gcn,bp,all,200,0.5,0.01,500,2,64,full_network_update,,,0.0,50,45,200,0.09729018062353134,1.0,1.0,0.6819999814033508,0.6422076225280762,0.6759999990463257,0.638596773147583
CiteSeer,gcn,bp,all,200,0.5,0.01,500,2,64,full_network_update,,,0.0,50,45,250,0.09696757793426514,1.0,1.0,0.6819999814033508,0.6422076225280762,0.6769999861717224,0.6396140456199646
CiteSeer,gcn,bp,all,200,0.5,0.01,500,2,64,full_network_update,,,0.0,50,45,300,0.0968339666724205,1.0,1.0,0.6819999814033508,0.6422076225280762,0.6769999861717224,0.6396140456199646
CiteSeer,gcn,bp,all,200,0.5,0.01,500,2,64,full_network_update,,,0.0,50,45,350,0.09673599898815155,1.0,1.0,0.6819999814033508,0.6422076225280762,0.6769999861717224,0.6396140456199646
CiteSeer,gcn,bp,all,200,0.5,0.01,500,2,64,full_network_update,,,0.0,50,45,400,0.09668450802564621,1.0,1.0,0.6819999814033508,0.6422076225280762,0.6779999732971191,0.6404544115066528
CiteSeer,gcn,bp,all,200,0.5,0.01,500,2,64,full_network_update,,,0.0,50,45,450,0.0966777577996254,1.0,1.0,0.6840000152587891,0.6440372467041016,0.6779999732971191,0.6404544115066528
CiteSeer,gcn,bp,all,200,0.5,0.01,500,2,64,full_network_update,,,0.0,50,45,500,0.09660293906927109,1.0,1.0,0.6819999814033508,0.6422076225280762,0.6779999732971191,0.6404544115066528
Cora,gcn,bp,all,200,0.5,0.01,500,2,64,full_network_update,,,0.0,50,41,0,,0.8571428656578064,0.8582420945167542,0.7760000228881836,0.7550877332687378,0.7910000085830688,0.7741062045097351
Cora,gcn,bp,all,200,0.5,0.01,500,2,64,full_network_update,,,0.0,50,41,50,0.09271945804357529,1.0,1.0,0.7900000214576721,0.7826253175735474,0.7870000004768372,0.780175507068634
Cora,gcn,bp,all,200,0.5,0.01,500,2,64,full_network_update,,,0.0,50,41,100,0.08455701172351837,1.0,1.0,0.7680000066757202,0.7618504762649536,0.765999972820282,0.7600851655006409
Cora,gcn,bp,all,200,0.5,0.01,500,2,64,full_network_update,,,0.0,50,41,150,0.08320027589797974,1.0,1.0,0.7620000243186951,0.7545923590660095,0.765999972820282,0.760137140750885
Cora,gcn,bp,all,200,0.5,0.01,500,2,64,full_network_update,,,0.0,50,41,200,0.08286961168050766,1.0,1.0,0.7639999985694885,0.7559319734573364,0.7609999775886536,0.7560874819755554
Cora,gcn,bp,all,200,0.5,0.01,500,2,64,full_network_update,,,0.0,50,41,250,0.08278293907642365,1.0,1.0,0.7620000243186951,0.7534533143043518,0.7620000243186951,0.7572227120399475
Cora,gcn,bp,all,200,0.5,0.01,500,2,64,full_network_update,,,0.0,50,41,300,0.0827292650938034,1.0,1.0,0.7620000243186951,0.7532649636268616,0.7609999775886536,0.756593644618988
Cora,gcn,bp,all,200,0.5,0.01,500,2,64,full_network_update,,,0.0,50,41,350,0.08269677311182022,1.0,1.0,0.7599999904632568,0.7489919066429138,0.7609999775886536,0.756593644618988
Cora,gcn,bp,all,200,0.5,0.01,500,2,64,full_network_update,,,0.0,50,41,400,0.08266382664442062,1.0,1.0,0.7599999904632568,0.7489919066429138,0.7609999775886536,0.756593644618988
Cora,gcn,bp,all,200,0.5,0.01,500,2,64,full_network_update,,,0.0,50,41,450,0.08263368904590607,1.0,1.0,0.7599999904632568,0.7489919066429138,0.7609999775886536,0.756593644618988
Cora,gcn,bp,all,200,0.5,0.01,500,2,64,full_network_update,,,0.0,50,41,500,0.08260802179574966,1.0,1.0,0.7599999904632568,0.7489919066429138,0.7609999775886536,0.7566825151443481
Cora,gcn,bp,all,200,0.5,0.01,500,2,64,full_network_update,,,0.0,50,42,0,,0.7428571581840515,0.7410627007484436,0.7699999809265137,0.7591438293457031,0.7749999761581421,0.7652896046638489
Cora,gcn,bp,all,200,0.5,0.01,500,2,64,full_network_update,,,0.0,50,42,50,0.11058583110570908,1.0,1.0,0.7839999794960022,0.768240749835968,0.7940000295639038,0.7862096428871155
Cora,gcn,bp,all,200,0.5,0.01,500,2,64,full_network_update,,,0.0,50,42,100,0.09601093828678131,1.0,1.0,0.7680000066757202,0.7606531977653503,0.7820000052452087,0.7704096436500549
Cora,gcn,bp,all,200,0.5,0.01,500,2,64,full_network_update,,,0.0,50,42,150,0.09368451684713364,1.0,1.0,0.7559999823570251,0.741409420967102,0.7749999761581421,0.763250470161438
Cora,gcn,bp,all,200,0.5,0.01,500,2,64,full_network_update,,,0.0,50,42,200,0.09320833534002304,1.0,1.0,0.7559999823570251,0.7396897077560425,0.7699999809265137,0.7578574419021606
Cora,gcn,bp,all,200,0.5,0.01,500,2,64,full_network_update,,,0.0,50,42,250,0.09308536350727081,1.0,1.0,0.7540000081062317,0.7382035851478577,0.765999972820282,0.7539739608764648
Cora,gcn,bp,all,200,0.5,0.01,500,2,64,full_network_update,,,0.0,50,42,300,0.0930289551615715,1.0,1.0,0.7559999823570251,0.7396897077560425,0.7680000066757202,0.75493985414505
Cora,gcn,bp,all,200,0.5,0.01,500,2,64,full_network_update,,,0.0,50,42,350,0.0929846316576004,1.0,1.0,0.7580000162124634,0.7411162257194519,0.7670000195503235,0.7532029747962952
Cora,gcn,bp,all,200,0.5,0.01,500,2,64,full_network_update,,,0.0,50,42,400,0.09296377748250961,1.0,1.0,0.7580000162124634,0.7411162257194519,0.7670000195503235,0.7532029747962952
Cora,gcn,bp,all,200,0.5,0.01,500,2,64,full_network_update,,,0.0,50,42,450,0.09292852133512497,1.0,1.0,0.7599999904632568,0.7427897453308105,0.7670000195503235,0.7532029747962952
Cora,gcn,bp,all,200,0.5,0.01,500,2,64,full_network_update,,,0.0,50,42,500,0.09291524440050125,1.0,1.0,0.7599999904632568,0.7429004907608032,0.7680000066757202,0.7533855438232422
Cora,gcn,bp,all,200,0.5,0.01,500,2,64,full_network_update,,,0.0,50,43,0,,0.7714285850524902,0.7731223702430725,0.75,0.7332175374031067,0.7730000019073486,0.7589947581291199
Cora,gcn,bp,all,200,0.5,0.01,500,2,64,full_network_update,,,0.0,50,43,50,0.11004548519849777,1.0,1.0,0.7879999876022339,0.7798624038696289,0.7950000166893005,0.7867209315299988
Cora,gcn,bp,all,200,0.5,0.01,500,2,64,full_network_update,,,0.0,50,43,100,0.09740537405014038,1.0,1.0,0.7699999809265137,0.7630650401115417,0.7879999876022339,0.7825401425361633
Cora,gcn,bp,all,200,0.5,0.01,500,2,64,full_network_update,,,0.0,50,43,150,0.09578877687454224,1.0,1.0,0.7599999904632568,0.7568780779838562,0.7799999713897705,0.7749293446540833
Cora,gcn,bp,all,200,0.5,0.01,500,2,64,full_network_update,,,0.0,50,43,200,0.09538792818784714,1.0,1.0,0.7540000081062317,0.7504477500915527,0.7720000147819519,0.7694957852363586
Cora,gcn,bp,all,200,0.5,0.01,500,2,64,full_network_update,,,0.0,50,43,250,0.09520227462053299,1.0,1.0,0.7519999742507935,0.7492367625236511,0.7710000276565552,0.7682928442955017
Cora,gcn,bp,all,200,0.5,0.01,500,2,64,full_network_update,,,0.0,50,43,300,0.09509239345788956,1.0,1.0,0.7480000257492065,0.7484689354896545,0.7680000066757202,0.7642773985862732
Cora,gcn,bp,all,200,0.5,0.01,500,2,64,full_network_update,,,0.0,50,43,350,0.09501807391643524,1.0,1.0,0.7459999918937683,0.7459309697151184,0.7670000195503235,0.7630099654197693
Cora,gcn,bp,all,200,0.5,0.01,500,2,64,full_network_update,,,0.0,50,43,400,0.09496630728244781,1.0,1.0,0.7519999742507935,0.750179648399353,0.7680000066757202,0.7637368440628052
Cora,gcn,bp,all,200,0.5,0.01,500,2,64,full_network_update,,,0.0,50,43,450,0.09491732716560364,1.0,1.0,0.75,0.7488879561424255,0.7670000195503235,0.7628964185714722
Cora,gcn,bp,all,200,0.5,0.01,500,2,64,full_network_update,,,0.0,50,43,500,0.09488489478826523,1.0,1.0,0.75,0.7476495504379272,0.7680000066757202,0.7645378708839417
Cora,gcn,bp,all,200,0.5,0.01,500,2,64,full_network_update,,,0.0,50,44,0,,0.7714285850524902,0.7819885611534119,0.7799999713897705,0.7681080102920532,0.7820000052452087,0.7692158818244934
Cora,gcn,bp,all,200,0.5,0.01,500,2,64,full_network_update,,,0.0,50,44,50,0.10420652478933334,1.0,1.0,0.765999972820282,0.755983293056488,0.7799999713897705,0.7722574472427368
Cora,gcn,bp,all,200,0.5,0.01,500,2,64,full_network_update,,,0.0,50,44,100,0.09188501536846161,1.0,1.0,0.7459999918937683,0.7367600798606873,0.7730000019073486,0.7620223164558411
Cora,gcn,bp,all,200,0.5,0.01,500,2,64,full_network_update,,,0.0,50,44,150,0.08941821753978729,1.0,1.0,0.7440000176429749,0.7353157997131348,0.7710000276565552,0.7586207985877991
Cora,gcn,bp,all,200,0.5,0.01,500,2,64,full_network_update,,,0.0,50,44,200,0.08871030807495117,1.0,1.0,0.7419999837875366,0.7304413914680481,0.7720000147819519,0.7596977353096008
Cora,gcn,bp,all,200,0.5,0.01,500,2,64,full_network_update,,,0.0,50,44,250,0.08847082406282425,1.0,1.0,0.7459999918937683,0.7346242070198059,0.7720000147819519,0.7595819234848022
Cora,gcn,bp,all,200,0.5,0.01,500,2,64,full_network_update,,,0.0,50,44,300,0.08837277442216873,1.0,1.0,0.7459999918937683,0.7340162396430969,0.7689999938011169,0.7561550736427307
Cora,gcn,bp,all,200,0.5,0.01,500,2,64,full_network_update,,,0.0,50,44,350,0.08834300190210342,1.0,1.0,0.7459999918937683,0.7340162396430969,0.7670000195503235,0.7544087171554565
Cora,gcn,bp,all,200,0.5,0.01,500,2,64,full_network_update,,,0.0,50,44,400,0.08831526339054108,1.0,1.0,0.7459999918937683,0.7340162396430969,0.7670000195503235,0.7542619109153748
Cora,gcn,bp,all,200,0.5,0.01,500,2,64,full_network_update,,,0.0,50,44,450,0.08830566704273224,1.0,1.0,0.7459999918937683,0.7340162396430969,0.7670000195503235,0.7543727159500122
Cora,gcn,bp,all,200,0.5,0.01,500,2,64,full_network_update,,,0.0,50,44,500,0.088286392390728,1.0,1.0,0.7440000176429749,0.7328247427940369,0.765999972820282,0.7537581324577332
Cora,gcn,bp,all,200,0.5,0.01,500,2,64,full_network_update,,,0.0,50,45,0,,0.7142857313156128,0.7061443328857422,0.7559999823570251,0.7473140358924866,0.753000020980835,0.7393297553062439
Cora,gcn,bp,all,200,0.5,0.01,500,2,64,full_network_update,,,0.0,50,45,50,0.09825421124696732,1.0,1.0,0.75,0.7448350191116333,0.7789999842643738,0.7801031470298767
Cora,gcn,bp,all,200,0.5,0.01,500,2,64,full_network_update,,,0.0,50,45,100,0.08683997392654419,1.0,1.0,0.7319999933242798,0.7300690412521362,0.7639999985694885,0.7667573690414429
Cora,gcn,bp,all,200,0.5,0.01,500,2,64,full_network_update,,,0.0,50,45,150,0.08436194807291031,1.0,1.0,0.7279999852180481,0.7248886823654175,0.7609999775886536,0.7643651366233826
Cora,gcn,bp,all,200,0.5,0.01,500,2,64,full_network_update,,,0.0,50,45,200,0.0835493803024292,1.0,1.0,0.722000002861023,0.7200650572776794,0.7630000114440918,0.7656374573707581
Cora,gcn,bp,all,200,0.5,0.01,500,2,64,full_network_update,,,0.0,50,45,250,0.08329214155673981,1.0,1.0,0.7179999947547913,0.7163110971450806,0.7649999856948853,0.7667809724807739
Cora,gcn,bp,all,200,0.5,0.01,500,2,64,full_network_update,,,0.0,50,45,300,0.08320852369070053,1.0,1.0,0.7160000205039978,0.7147822380065918,0.765999972820282,0.7668343186378479
Cora,gcn,bp,all,200,0.5,0.01,500,2,64,full_network_update,,,0.0,50,45,350,0.08316738158464432,1.0,1.0,0.7160000205039978,0.7147822380065918,0.7639999985694885,0.7657809257507324
Cora,gcn,bp,all,200,0.5,0.01,500,2,64,full_network_update,,,0.0,50,45,400,0.08314913511276245,1.0,1.0,0.7160000205039978,0.7147006392478943,0.7630000114440918,0.7644886374473572
Cora,gcn,bp,all,200,0.5,0.01,500,2,64,full_network_update,,,0.0,50,45,450,0.08313119411468506,1.0,1.0,0.7160000205039978,0.7147006392478943,0.7630000114440918,0.7645218968391418
Cora,gcn,bp,all,200,0.5,0.01,500,2,64,full_network_update,,,0.0,50,45,500,0.08310314267873764,1.0,1.0,0.7160000205039978,0.7146261930465698,0.7639999985694885,0.765374481678009
Cora,residual-gcn,bp,all,200,0.5,0.01,500,8,64,full_network_update,,,0.0,50,41,0,,0.41428571939468384,0.3272283375263214,0.3840000033378601,0.20049715042114258,0.4129999876022339,0.23391510546207428
Cora,residual-gcn,bp,all,200,0.5,0.01,500,8,64,full_network_update,,,0.0,50,41,50,0.0009274720214307308,1.0,1.0,0.7559999823570251,0.7477203607559204,0.7369999885559082,0.7358336448669434
Cora,residual-gcn,bp,all,200,0.5,0.01,500,8,64,full_network_update,,,0.0,50,41,100,0.0011590891517698765,1.0,1.0,0.7319999933242798,0.723790168762207,0.7549999952316284,0.7516716718673706
Cora,residual-gcn,bp,all,200,0.5,0.01,500,8,64,full_network_update,,,0.0,50,41,150,2.0409045219421387,0.41428571939468384,0.31901177763938904,0.28999999165534973,0.20033478736877441,0.2919999957084656,0.19300241768360138
Cora,residual-gcn,bp,all,200,0.5,0.01,500,8,64,full_network_update,,,0.0,50,41,200,0.005223250016570091,1.0,1.0,0.6740000247955322,0.6626919507980347,0.6940000057220459,0.6821032166481018
Cora,residual-gcn,bp,all,200,0.5,0.01,500,8,64,full_network_update,,,0.0,50,41,250,0.0019359855214133859,1.0,1.0,0.6639999747276306,0.6551297903060913,0.6800000071525574,0.6766756772994995
Cora,residual-gcn,bp,all,200,0.5,0.01,500,8,64,full_network_update,,,0.0,50,41,300,0.0015761367976665497,1.0,1.0,0.6460000276565552,0.6365919709205627,0.6610000133514404,0.659795880317688
Cora,residual-gcn,bp,all,200,0.5,0.01,500,8,64,full_network_update,,,0.0,50,41,350,0.3912152051925659,0.8285714387893677,0.7973007559776306,0.5619999766349792,0.5020321607589722,0.5870000123977661,0.5436983704566956
Cora,residual-gcn,bp,all,200,0.5,0.01,500,8,64,full_network_update,,,0.0,50,41,400,0.0016123439418151975,1.0,1.0,0.671999990940094,0.6593889594078064,0.699999988079071,0.6907439231872559
Cora,residual-gcn,bp,all,200,0.5,0.01,500,8,64,full_network_update,,,0.0,50,41,450,0.0007215411751531065,1.0,1.0,0.6620000004768372,0.6575861573219299,0.6919999718666077,0.6857832074165344
Cora,residual-gcn,bp,all,200,0.5,0.01,500,8,64,full_network_update,,,0.0,50,41,500,0.0006584302172996104,1.0,1.0,0.6660000085830688,0.66146320104599,0.6899999976158142,0.6828746199607849
Cora,residual-gcn,bp,all,200,0.5,0.01,500,8,64,full_network_update,,,0.0,50,42,0,,0.7285714149475098,0.725159764289856,0.75,0.7288094162940979,0.7429999709129333,0.7316530346870422
Cora,residual-gcn,bp,all,200,0.5,0.01,500,8,64,full_network_update,,,0.0,50,42,50,0.0021545023191720247,1.0,1.0,0.7960000038146973,0.783663809299469,0.7820000052452087,0.7733888030052185
Cora,residual-gcn,bp,all,200,0.5,0.01,500,8,64,full_network_update,,,0.0,50,42,100,0.0010203591082245111,1.0,1.0,0.7820000052452087,0.766592800617218,0.7860000133514404,0.7760494351387024
Cora,residual-gcn,bp,all,200,0.5,0.01,500,8,64,full_network_update,,,0.0,50,42,150,0.0007203308050520718,1.0,1.0,0.7820000052452087,0.7689045667648315,0.7850000262260437,0.7746525406837463
Cora,residual-gcn,bp,all,200,0.5,0.01,500,8,64,full_network_update,,,0.0,50,42,200,0.0006283044931478798,1.0,1.0,0.777999997138977,0.7614326477050781,0.7799999713897705,0.7693623900413513
Cora,residual-gcn,bp,all,200,0.5,0.01,500,8,64,full_network_update,,,0.0,50,42,250,0.0006128459353931248,1.0,1.0,0.7799999713897705,0.7643088698387146,0.7850000262260437,0.775662362575531
Cora,residual-gcn,bp,all,200,0.5,0.01,500,8,64,full_network_update,,,0.0,50,42,300,0.0006552821723744273,1.0,1.0,0.7879999876022339,0.7741424441337585,0.7850000262260437,0.7768375277519226
Cora,residual-gcn,bp,all,200,0.5,0.01,500,8,64,full_network_update,,,0.0,50,42,350,0.0008935720543377101,1.0,1.0,0.7799999713897705,0.7662612795829773,0.7730000019073486,0.7594685554504395
Cora,residual-gcn,bp,all,200,0.5,0.01,500,8,64,full_network_update,,,0.0,50,42,400,0.005587744992226362,1.0,1.0,0.7139999866485596,0.7199116349220276,0.7179999947547913,0.724182665348053
Cora,residual-gcn,bp,all,200,0.5,0.01,500,8,64,full_network_update,,,0.0,50,42,450,0.0018706502160057425,1.0,1.0,0.6620000004768372,0.6699544787406921,0.6899999976158142,0.6940990686416626
Cora,residual-gcn,bp,all,200,0.5,0.01,500,8,64,full_network_update,,,0.0,50,42,500,0.0019367026397958398,1.0,1.0,0.6480000019073486,0.6514519453048706,0.671999990940094,0.6698969006538391
Cora,residual-gcn,bp,all,200,0.5,0.01,500,8,64,full_network_update,,,0.0,50,43,0,,0.7571428418159485,0.7542719841003418,0.6759999990463257,0.6673417091369629,0.671999990940094,0.6766706109046936
Cora,residual-gcn,bp,all,200,0.5,0.01,500,8,64,full_network_update,,,0.0,50,43,50,0.0024642767384648323,1.0,1.0,0.7519999742507935,0.7382286190986633,0.7979999780654907,0.7900744676589966
Cora,residual-gcn,bp,all,200,0.5,0.01,500,8,64,full_network_update,,,0.0,50,43,100,0.0011953887296840549,1.0,1.0,0.7480000257492065,0.7375293374061584,0.777999997138977,0.7728026509284973
Cora,residual-gcn,bp,all,200,0.5,0.01,500,8,64,full_network_update,,,0.0,50,43,150,0.0008171087829396129,1.0,1.0,0.7360000014305115,0.7294226884841919,0.7590000033378601,0.7580693960189819
Cora,residual-gcn,bp,all,200,0.5,0.01,500,8,64,full_network_update,,,0.0,50,43,200,0.0007265556487254798,1.0,1.0,0.7200000286102295,0.719733715057373,0.7519999742507935,0.7539268136024475
Cora,residual-gcn,bp,all,200,0.5,0.01,500,8,64,full_network_update,,,0.0,50,43,250,0.0007080336799845099,1.0,1.0,0.7120000123977661,0.7128411531448364,0.7440000176429749,0.7435768246650696
Cora,residual-gcn,bp,all,200,0.5,0.01,500,8,64,full_network_update,,,0.0,50,43,300,0.000790814810898155,1.0,1.0,0.7020000219345093,0.7070630788803101,0.7250000238418579,0.7298141717910767
Cora,residual-gcn,bp,all,200,0.5,0.01,500,8,64,full_network_update,,,0.0,50,43,350,0.0007318058051168919,1.0,1.0,0.7020000219345093,0.7028852105140686,0.7200000286102295,0.7191082835197449
Cora,residual-gcn,bp,all,200,0.5,0.01,500,8,64,full_network_update,,,0.0,50,43,400,0.0007635281071998179,1.0,1.0,0.7099999785423279,0.7075063586235046,0.7129999995231628,0.7128402590751648
Cora,residual-gcn,bp,all,200,0.5,0.01,500,8,64,full_network_update,,,0.0,50,43,450,1.6368459463119507,0.7571428418159485,0.741328775882721,0.4699999988079071,0.4482121467590332,0.5099999904632568,0.4625816345214844
Cora,residual-gcn,bp,all,200,0.5,0.01,500,8,64,full_network_update,,,0.0,50,43,500,0.08516967296600342,1.0,1.0,0.7239999771118164,0.7231276631355286,0.7289999723434448,0.7372755408287048
