dataset,method,layers,status,tensor_mib,driver_mib,timestamp,pid,source
CitationFull-CiteSeer,bp,1,completed,12.657470703125,60.296875,20260927T070041429798Z,46534,/Users/maybe/GNN/results/paper_reproduction/memory/core_nodeclass_mps_memory/CitationFull-CiteSeer_GNN-GCN_1_20260927T070041429798Z_46534.jsonl
CitationFull-CiteSeer,bp,2,completed,31.23388671875,82.140625,20260927T070123771034Z,46756,/Users/maybe/GNN/results/paper_reproduction/memory/core_nodeclass_mps_memory/CitationFull-CiteSeer_GNN-GCN_2_20260927T070123771034Z_46756.jsonl
CitationFull-CiteSeer,bp,3,completed,31.945556640625,82.140625,20260927T070310914714Z,47184,/Users/maybe/GNN/results/paper_reproduction/memory/core_nodeclass_mps_memory/CitationFull-CiteSeer_GNN-GCN_3_20260927T070310914714Z_47184.jsonl
CitationFull-CiteSeer,bp,4,completed,38.225830078125,114.140625,20260927T070428808718Z,47504,/Users/maybe/GNN/results/paper_reproduction/memory/core_nodeclass_mps_memory/CitationFull-CiteSeer_GNN-GCN_4_20260927T070428808718Z_47504.jsonl
CitationFull-CiteSeer,sf,1,completed,65.916259765625,153.421875,20260927T070140850938Z,46912,/Users/maybe/GNN/results/paper_reproduction/memory/core_nodeclass_mps_memory_sf_depth1/CitationFull-CiteSeer_GNN_SingleForward-GCN_1_20260927T070140850938Z_46912.jsonl
CitationFull-CiteSeer,sf,2,completed,69.29150390625,153.421875,20260927T070510366810Z,47724,/Users/maybe/GNN/results/paper_reproduction/memory/core_nodeclass_mps_memory_sf_depth2/CitationFull-CiteSeer_GNN_SingleForward-GCN_2_20260927T070510366810Z_47724.jsonl
CitationFull-CiteSeer,sf,3,completed,69.784423828125,153.421875,20260927T071131400879Z,48761,/Users/maybe/GNN/results/paper_reproduction/memory/core_nodeclass_mps_memory_sf_depth3/CitationFull-CiteSeer_GNN_SingleForward-GCN_3_20260927T071131400879Z_48761.jsonl
CitationFull-CiteSeer,sf,4,completed,70.329345703125,153.421875,20260927T065732267572Z,45881,/Users/maybe/GNN/results/paper_reproduction/memory/core_nodeclass_mps_memory/CitationFull-CiteSeer_GNN_SingleForward-GCN_4_20260927T065732267572Z_45881.jsonl
CitationFull-Cora_ML,bp,1,completed,36.077880859375,1052.828125,20260927T071134945935Z,48782,/Users/maybe/GNN/results/paper_reproduction/memory/core_nodeclass_mps_memory/CitationFull-Cora_ML_GNN-GCN_1_20260927T071134945935Z_48782.jsonl
CitationFull-Cora_ML,bp,2,completed,64.222412109375,1081.140625,20260927T071200993505Z,48856,/Users/maybe/GNN/results/paper_reproduction/memory/core_nodeclass_mps_memory/CitationFull-Cora_ML_GNN-GCN_2_20260927T071200993505Z_48856.jsonl
CitationFull-Cora_ML,bp,3,completed,65.514892578125,1089.140625,20260927T071505289990Z,49220,/Users/maybe/GNN/results/paper_reproduction/memory/core_nodeclass_mps_memory/CitationFull-Cora_ML_GNN-GCN_3_20260927T071505289990Z_49220.jsonl
CitationFull-Cora_ML,bp,4,completed,66.5126953125,1089.140625,20260927T071727785459Z,49534,/Users/maybe/GNN/results/paper_reproduction/memory/core_nodeclass_mps_memory/CitationFull-Cora_ML_GNN-GCN_4_20260927T071727785459Z_49534.jsonl
CitationFull-Cora_ML,sf,1,completed,142.8447265625,1117.40625,20260927T070337893154Z,47257,/Users/maybe/GNN/results/paper_reproduction/memory/core_nodeclass_mps_memory_sf_depth1/CitationFull-Cora_ML_GNN_SingleForward-GCN_1_20260927T070337893154Z_47257.jsonl
CitationFull-Cora_ML,sf,2,completed,142.29833984375,1117.40625,20260927T070823796310Z,48298,/Users/maybe/GNN/results/paper_reproduction/memory/core_nodeclass_mps_memory_sf_depth2/CitationFull-Cora_ML_GNN_SingleForward-GCN_2_20260927T070823796310Z_48298.jsonl
CitationFull-Cora_ML,sf,3,completed,142.84619140625,1125.40625,20260927T071553905124Z,49302,/Users/maybe/GNN/results/paper_reproduction/memory/core_nodeclass_mps_memory_sf_depth3/CitationFull-Cora_ML_GNN_SingleForward-GCN_3_20260927T071553905124Z_49302.jsonl
CitationFull-Cora_ML,sf,4,completed,159.311767578125,1125.40625,20260927T070553605330Z,47946,/Users/maybe/GNN/results/paper_reproduction/memory/core_nodeclass_mps_memory/CitationFull-Cora_ML_GNN_SingleForward-GCN_4_20260927T070553605330Z_47946.jsonl
